{
    "menu": {
        "all_scores": {
            "kirfuzz-general-classifier:v2": 0.9342311024665833
        },
        "score": 0.9342311024665833,
        "source": "kirfuzz-general-classifier:v2"
    }
}