{
    "menu": {
        "all_scores": {
            "kirfuzz-general-classifier:v2": 0.8714901804924011
        },
        "score": 0.8714901804924011,
        "source": "kirfuzz-general-classifier:v2"
    }
}