{
    "cart": {
        "all_scores": {
            "kirfuzz-general-classifier:v2": 0.9245659112930298
        },
        "score": 0.9245659112930298,
        "source": "kirfuzz-general-classifier:v2"
    }
}