{
    "cart": {
        "all_scores": {
            "kirfuzz-general-classifier:v2": 0.9263654947280884
        },
        "score": 0.9263654947280884,
        "source": "kirfuzz-general-classifier:v2"
    }
}