{
    "play": {
        "all_scores": {
            "kirfuzz-general-classifier:v2": 0.9105432033538818
        },
        "score": 0.9105432033538818,
        "source": "kirfuzz-general-classifier:v2"
    }
}