{
    "cart": {
        "all_scores": {
            "kirfuzz-general-classifier:v2": 0.9625993967056274
        },
        "score": 0.9625993967056274,
        "source": "kirfuzz-general-classifier:v2"
    }
}