{
    "cart": {
        "all_scores": {
            "kirfuzz-general-classifier:v2": 0.9113038778305054
        },
        "score": 0.9113038778305054,
        "source": "kirfuzz-general-classifier:v2"
    }
}