{
    "home": {
        "all_scores": {
            "kirfuzz-general-classifier:v2": 0.9113737940788269
        },
        "score": 0.9113737940788269,
        "source": "kirfuzz-general-classifier:v2"
    }
}